term	idf	df	example
آفریدگان	9.1943	2	پس گوهر پاک مردمرا از میان آفریدگان برگزید و او را بپوشش بزرگی آرایش فرمود.
أبرز	9.1943	2	وعلاوة على مواصلة حضرة ولی أمرالله شرح أهمیة الطّابع الروحانی والاجتماعی للضّیافة التسع عشریّة، أبرز الجانب الإداری لهذا الاجتماع، فنظّم الضیافة وخصّص فیها فترة للتشاور حول شئون الجامعة البهائیة، بما فی ذلک تبادل الأخبار والمراسلات.
أخیه	9.1943	2	کما وصفه حضرة الباب فی کتاب قیّوم الأسماء بأنّه یوسف الحقّ، وتنبّأ بما سیقاسیه على ید أخیه الخائن انظر الشرح فقرة 190 .
أداؤها	9.1943	2	أمّا إذا حلّ وقت الصلاة وکان المسافر مستریحا وفی مکان آمن، وجب أداؤها فی وقتها، وحُکم القضاء یسری فی السفر والحضر على السواء.
أذکر	9.1943	2	أذکر من کان أعظم منک شأناً وأکبر منک مقاماً أین هو وما عنده انتبه ولا تکن من الرّاقدین.
أمرناکم	9.1943	2	إنا أمرناکم بکسر حدودات النفس والهوى لا ما رقم من القلم الأعلى إنه لروح الحیوان لمن فی الإمکان.
أنزلها	9.1943	2	اشتملت بعض الألواح المبارکة التی أنزلها حضرة بهاءالله بعد الکتاب الأقدس على آیات متمّمة لأحکام ذلک الکتاب المبین، وقد نُشر معظمها فی مجموعة من ألواح حضرة بهاءالله نزّلت بعد الکتاب الأقدس.
اتابک	9.1943	2	میرزا تقی خان امیرنظام وزیر اعظم و اتابک معظّم شد زمام امور جمهور را در قبضهٔ اقتدار و استقلال گرفت و سمند همّت را در میدان خودسری و استبداد بتاخت.
اثرها	9.1943	2	فانّها حین طلوعها عن افقها تکون حرارتها و اثرها قلیلة.
اثنای	9.1943	2	و خود باب اهمّیّتی باین شور و آشوب نداده در نهایت جذب و وله در اثنای طریق و قلعهٔ ماکو و چهریق شام و سحر بلکه روز و شب خود را بذکر و فکر و اوصاف و نعوت آن شخص غائب حاضر و منظور ناظر خویش حصر نموده بود.
اجساد	9.1943	2	لک ان تنطق الیوم بما تشتعل به الأفئدة و تطیر اجساد المقبلین.
احتجبوا	9.1943	2	و الّذین احتجبوا ظنّوا بأنّهم مطفئ نورک و مخمد نارک و مرکد اریاح فضلک.
احراق	9.1943	2	و یا خود بجهت آنکه در شام عیش مهیّا و سفرهٔ مهنّائی حاضر سازد در روز بتخریب وطن و بلاد و احراق قلوب عباد مشغول گردد و خود را در درگاه حضرت کبریا مردود و از دربار معدلت‌مدار مطرود و در نزد جمهور اهالی بدنام و ذلیل نماید؟
احمدی	9.1943	2	احمدی ربّک قد کنت محترقة بنار الفراق اذاً ماج بحر الوصال امام وجهک بذلک قرّت عینک و عین الوجود و ابتسم ثغر الغیب و الشّهود.
اخترت	9.1943	2	فلمّا اردت ان تعرف فخلقت العالم الاکبر و الاصغر و اخترت منهما الانسان و جعلته حاکیاً عنهما یا ربّنا الرّحمن.
اختصصت	9.1943	2	و به طرّزت دیباج کتاب اوامرک بین بریّتک و زیّنت صحائف احکامک لمن فی ارضک و سمائک و اختصصت کلّ ساعة منها بفضیلة لم یحط بها الّا علمک الّذی احاط الأشیآء کلّها.
ادبیات	9.1943	2	چنانچه موٴلّف محقّق مشهور دریبار از اهالی فرانسه که در نزد جمیع موٴلّفین و دانایان اروپ اطّلاع و مهارت و دانائیش مسلّم است در کتاب مسمّی به ترقّی امم در ادبیّات که از تاٴلیفات مشهورهٴ اوست در این باب یعنی اکتساب ملل اروپ قوانین مدنیّت و قواعد ترقّی و سعادت را از اسلام شرح مبسوطی بیان نموده.
اذکروه	9.1943	2	خرّوا بوجوهکم سجّداً لله ثمّ اذکروه فی آنآء اللّیل و اطراف النّهار.
ارسلناها	9.1943	2	هذه آیات انزلناها من قبل فی اوّل ورودنا فی سجن عکّا و ارسلناها الیک لتعرف ما نطقت به السنتهم الکذبة اذ اتی الأمر بقدرة و سلطان.
اریاحها	9.1943	2	و من هزیز اریاحها قد اتی المالک.
استشهد	9.1943	2	و انت تعلم یا الهی لم یکن فی ارضک من ینسب الیک الّا هؤلآء الّذین استشهد منهم عدّة و بقی عدّة اخری.
استعلآء	9.1943	2	فأرسل یا الهی علی احبّتی ما تفرح به قلوبهم و تستنیر به وجوههم و تسترّ به ذواتهم و انت تعلم یا الهی انّ فرحهم فی استعلآء امرک و اعلآء کلمتک.
استفسار	9.1943	2	ایکاش حضرت پادشاه ممالک ایران ادام الله سلطانه از قناسل دولت علیّهٔ ایران که در این جهات بوده‌اند استفسار فرمایند تا بر افعال و اعمال این مظلوم آگاه شوند.
اسرائیل	9.1943	2	قوله فاستعدّ للقآء الهک یا اسرائیل فانّه هو ذا الّذی صنع الجبال و خلق الرّیح و اخبر الانسان ما هو فکره الّذی یجعل الفجر ظلاماً و یمشی علی مشارف الأرض یهوه اله الجنود اسمه.
اسلحه	9.1943	2	از جمله ذکر نمود حضرات اسلحه جمع کرده‌اند و بعد از تفحّص ملاحظه شد یک لولهٔ تفنگ من غیر اسباب بوده!
اسکن	9.1943	2	و انا أقول: ان اصبر ثمّ اسکن.
اشعاری	9.1943	2	یشهد لسان سرّی و جهری و اعضائی و جوارحی و عروقی و اشعاری بأنّک انت اللّه لا اله الّا انت.
اصلیهٴ	9.1943	2	ولکن مقصود صعود انفس طیّبه و جواهر مجرّده است که بفطرت اصلیّهٴ خود بشاطی بحر اعظم وارد شوند تا طالبان جمال ذو الجلال از عاکفان امکنهٴ ضلال و اضلال از یکدیگر مفصول و ممتاز شوند.
اطمئنی	9.1943	2	اطمئنّی بفضل ربّک.
اعترافهم	9.1943	2	بل انّه یری نفسه اخجل منهم عند اعترافهم بما فات عنهم فی ایّامک.
افغان	9.1943	2	مرا چنان گمان بود که حضرت اتابک مرا مأمور بحرب افغان و اوزبک خواهد نمود و یا برزم و هجوم مرز و بوم روس و روم دلالت خواهد کرد.
اقتل	9.1943	2	اشهد یا الهی لو اقتل فی سبیلک فی کلّ حین الف مرّة لا یعادل بقلیل ما اعطیتنی بفضلک.
الآیتین	9.1943	2	إذا أرید الطلاق بعد تلاوة الآیتین ودفع المهر، قبل الدخول، جاز الطلاق، ولا لزوم لأیام الاصطبار، ولکن لا یجوز استرداد المهر.
الأرفع	9.1943	2	لو یطّلع احد علی ما قدّر له فی عوالم الله ربّ العرش و الثّری لیشتعل فی الحین شوقاً لذاک المقام الأمنع الأرفع الأقدس الأبهی....
الأساسی	9.1943	2	وأنّ الهدف الأساسیّ، عند ثبوت هذا الجرم وفرض الغرامة، هو فضح أمر المذنبین لیلحقهم الخزی والعار، کما أوضح أنّ هذا التشهیر فی حدّ ذاته أعظم عقاب
الألسن	9.1943	2	تری ما ورد علی المظلوم من الّذین ما عاشرونی و قاموا علی ضرّی و مسکنتی بحیث عجزت الأقلام عن ذکره و الألسن عن بیانه و الألواح عن حمله.
الأنهار	9.1943	2	و اسألک یا الهی باسمک الّذی به امطرت السّحاب و جرت الأنهار و اشتعلت نار الحبّ فی الأشطار بأن تنصر عبدک الّذی اقبل الیک و نطق بذکرک و اراد نصرتک.
الأولیة	9.1943	2	و کبّر اللّهمّ یا الهی علی النّقطة الأوّلیّة و سرّ الأحدیّة و غیب الهویّة و مطلع الألوهیّة و مظهر الرّبوبیّة الّذی به فصّلت علم ما کان و ما یکون و ظهرت لآلئ علمک المکنون و سرّ اسمک المخزون و جعلته مبشّراً للّذی باسمه الّف الکاف برکنها النّون و به ظهرت سلطنتک و عظمتک و اقتدارک و نزّلت آیاتک و فصّلت احکامک و نشرت آثارک و حقّقت کلمتک و بعثت قلوب اصفیائک و حشر من فی سمائک و ارضک الّذی سمّیته بعلیّ قبل نبیل فی ملکوت اسمائک و بروح الرّوح فی الواح قضائک و اقمته مقام نفسک و رجعت کلّ الأسمآء الی اسمه بأمرک و قدرتک و به انتهت اسمائک و صفاتک.
الإنصاف	9.1943	2	لعمری من شرب رحیق الإنصاف من أیادی الألطاف إنه یطوف حول أوامری المشرقة من أفق الإبداع.
الاختلاف	9.1943	2	الرّجوع إلى النصوص المبارکة عند الاختلاف.
الاریاح	9.1943	2	قد اخذتنی حرارة حبّک و سکر رحیق توحیدک علی مقام اسمع من هزیز الاریاح ذکرک و ثنآئک و من خریر المآء نعتک و اوصافک و من حفیف الاشجار اسرار قضآئک الّتی اودعتها فی مملکتک.
البارد	9.1943	2	الحُکم واحد فی الحالین، ویُرجّح الماء الفاتر، ولا بأس من استعمال الماء البارد.
البدن	9.1943	2	طوبی لروح خرج من البدن مقدّساً عن شبهات الأمم.
البشارات	9.1943	2	وذکر حضرة بهاءالله فی لوح البشارات أنّ مثل هذا الاعتراف وطلب المغفرة أمام إنسان آخر یقود إلى المهانة والمذلّة، والله جلّ جلاله لا یحبّ لعباده الذُّلّ والهوان.
البشری	9.1943	2	اختیار لسان واحد وانتخاب خطّ عمومی لاستعمال أهل العالم هما إحدى علامتی بلوغ الجنس البشری رشده
البقاء	9.1943	2	یا ملوک أمریقا ورؤساء الجمهور فیها اسمعوا ما تَغُنُّ به الورقاء على غصن البقاء إنه لا إله إلا أنا الباقی الغفور الکریم.
البنآء	9.1943	2	کذلک ینبئک النّبأ الأعظم من هذا البنآء العظیم.
التجارة	9.1943	2	فاعلموا بأنّ البلایا و المحن لم یزل کانت موکّلة لأصفیآء الله و احبّائه ثمّ لعباده المنقطعین الّذین لا تلهیهم التّجارة و لا بیع عن ذکر الله و لا یسبقونه بالقول و هم بأمره لمن العاملین.
الحالین	9.1943	2	الحُکم واحد فی الحالین، ویُرجّح الماء الفاتر، ولا بأس من استعمال الماء البارد.
الحان	9.1943	2	مثلاً عالم ربّانی اگر در محاورهٔ با شخص مسیحی از الحان جلیل انجیل بی‌خبر باشد آنچه از حقایق فرقانیّه بیان نماید ابداً مسموع و مقبول آن شخص نیفتد.
